Shipment_ID,Origin_City,Destination_City,Shipment_Type,Weight_kg,Distance_km,Customer_Segment,On_Time
1,Konya,İstanbul,Kara,1054.93,1052.0,Bireysel,1
2,Bursa,Gaziantep,Kara,929.03,1811.4,Kurumsal,0
3,Gaziantep,Bursa,Hava,473.13,1785.3,Bireysel,1
4,Antalya,Bursa,Kara,609.87,1644.8,Bireysel,1
5,Konya,Antalya,Kara,583.49,1044.8,Kurumsal,0
6,Kayseri,Gaziantep,Hava,1128.76,1485.7,Bireysel,1
7,İzmir,Antalya,Hava,244.31,1050.1,Bireysel,0
8,Konya,Gaziantep,Kara,1834.0,1745.7,Bireysel,0
9,Gaziantep,Kayseri,Deniz,1442.71,835.4,Bireysel,1
10,Antalya,İstanbul,Hava,805.88,1942.0,Bireysel,1
11,Bursa,Kayseri,Kara,321.46,1868.0,Bireysel,1
12,Gaziantep,Samsun,Hava,1764.57,1496.1,Bireysel,1
13,Gaziantep,Adana,Kara,1648.44,594.9,Bireysel,1
14,İzmir,Antalya,Kara,1444.83,306.7,Kurumsal,1
15,Adana,Gaziantep,Kara,546.74,1716.7,Kurumsal,1
16,Antalya,Samsun,Kara,807.88,372.3,Kurumsal,1
17,Ankara,Adana,Hava,209.98,1715.8,Kurumsal,1
18,Gaziantep,Konya,Kara,382.13,1007.0,Bireysel,1
19,Adana,İstanbul,Hava,1567.12,842.8,Kurumsal,1
20,Ankara,Antalya,Hava,1431.5,1811.2,Bireysel,1
21,Antalya,Kayseri,Kara,1189.0,1227.5,Bireysel,0
22,İstanbul,Kayseri,Hava,1791.97,1174.4,Bireysel,0
23,Kayseri,Bursa,Kara,1168.62,1139.6,Bireysel,1
24,Adana,Samsun,Kara,936.6,773.8,Kurumsal,0
25,Samsun,Konya,Hava,684.04,1582.0,Kurumsal,1
26,İstanbul,Samsun,Kara,1881.19,543.0,Bireysel,1
27,Kayseri,İstanbul,Kara,170.02,1880.8,Kurumsal,1
28,İzmir,Adana,Kara,1862.12,1793.3,Bireysel,1
29,Konya,Gaziantep,Kara,1654.3,708.1,Bireysel,0
30,Bursa,İzmir,Kara,264.21,1472.5,Bireysel,1
31,Samsun,Gaziantep,Kara,1132.14,1167.8,Bireysel,1
32,İzmir,Antalya,Deniz,1733.76,708.4,Kurumsal,1
33,Antalya,Samsun,Kara,1145.76,1977.6,Kurumsal,1
34,İzmir,Antalya,Kara,1814.86,99.2,Kurumsal,1
35,Konya,Samsun,Kara,1886.25,542.7,Bireysel,1
36,Antalya,Kayseri,Kara,847.66,1064.1,Kurumsal,1
37,Samsun,Bursa,Deniz,757.74,1067.8,Bireysel,1
38,Konya,Samsun,Hava,1872.96,1198.4,Kurumsal,1
39,Ankara,Antalya,Hava,1351.9,1515.8,Bireysel,1
40,Bursa,Kayseri,Kara,236.47,1265.8,Bireysel,1
41,Samsun,İzmir,Kara,89.37,1220.5,Bireysel,1
42,Ankara,İzmir,Kara,1131.43,154.4,Bireysel,1
43,Kayseri,Bursa,Hava,1860.69,784.2,Bireysel,1
44,Samsun,İzmir,Kara,1689.28,502.5,Bireysel,1
45,Kayseri,İstanbul,Kara,1353.32,567.5,Bireysel,1
46,Antalya,Adana,Deniz,282.54,1131.0,Bireysel,0
47,Ankara,İzmir,Kara,512.19,439.0,Bireysel,1
48,Bursa,Konya,Kara,1751.64,623.2,Bireysel,1
49,Konya,Ankara,Kara,369.7,512.3,Bireysel,0
50,Gaziantep,Ankara,Deniz,560.49,1899.6,Bireysel,1
51,İzmir,İstanbul,Kara,263.55,1892.1,Bireysel,1
52,İstanbul,İzmir,Hava,1353.84,1239.4,Kurumsal,1
53,Bursa,Adana,Hava,1888.24,1852.8,Kurumsal,1
54,Ankara,Gaziantep,Kara,541.59,1582.3,Bireysel,1
55,Gaziantep,Samsun,Hava,953.44,1200.4,Kurumsal,0
56,Bursa,Konya,Kara,1270.51,62.5,Kurumsal,1
57,Ankara,Bursa,Kara,1998.94,1556.4,Kurumsal,1
58,Adana,İstanbul,Hava,214.09,1419.9,Bireysel,0
59,Adana,Antalya,Hava,999.65,1249.7,Bireysel,0
60,Kayseri,Gaziantep,Hava,773.31,1532.8,Bireysel,1
61,Bursa,İstanbul,Kara,1732.31,1050.2,Bireysel,1
62,Adana,İstanbul,Kara,954.56,1423.0,Bireysel,1
63,Ankara,Adana,Kara,226.4,1873.6,Bireysel,1
64,Kayseri,Gaziantep,Kara,1270.68,782.8,Kurumsal,1
65,Ankara,İstanbul,Kara,1542.71,1430.8,Kurumsal,0
66,Kayseri,Antalya,Kara,10.75,977.6,Bireysel,1
67,Bursa,İstanbul,Kara,1718.62,1365.1,Bireysel,1
68,Gaziantep,Konya,Kara,376.12,1537.6,Bireysel,1
69,Konya,İstanbul,Kara,1106.38,138.6,Kurumsal,1
70,Samsun,Bursa,Kara,834.52,1310.9,Bireysel,1
71,Gaziantep,Samsun,Hava,1440.71,492.1,Bireysel,1
72,Antalya,İstanbul,Kara,745.47,1356.6,Bireysel,1
73,Ankara,Bursa,Deniz,1740.18,963.2,Bireysel,1
74,Antalya,Adana,Hava,1462.34,1558.4,Bireysel,1
75,Gaziantep,Adana,Kara,1297.19,290.6,Bireysel,1
76,Kayseri,Gaziantep,Hava,1593.5,1271.3,Kurumsal,1
77,Samsun,İstanbul,Kara,1509.28,593.0,Kurumsal,1
78,Samsun,Konya,Kara,76.7,1713.3,Kurumsal,1
79,İstanbul,Antalya,Kara,792.5,1860.3,Kurumsal,1
80,Samsun,Konya,Kara,1861.96,1993.0,Bireysel,1
81,Konya,İzmir,Kara,255.82,1602.2,Bireysel,1
82,Samsun,Gaziantep,Kara,1475.51,1519.8,Kurumsal,1
83,Gaziantep,İzmir,Hava,1949.31,470.2,Kurumsal,1
84,İstanbul,Samsun,Hava,109.14,705.2,Bireysel,0
85,Gaziantep,Konya,Kara,1365.98,958.1,Bireysel,1
86,Gaziantep,İzmir,Hava,938.97,1558.1,Bireysel,1
87,İzmir,Ankara,Kara,1160.45,1834.2,Bireysel,1
88,İstanbul,Bursa,Kara,175.26,418.8,Bireysel,1
89,Gaziantep,İzmir,Hava,90.8,1848.6,Bireysel,0
90,İzmir,Ankara,Kara,1335.4,1406.5,Bireysel,1
91,İzmir,Ankara,Kara,1647.5,1241.0,Bireysel,1
92,İstanbul,Adana,Kara,1565.12,439.7,Kurumsal,1
93,Antalya,İstanbul,Kara,1089.89,158.3,Bireysel,1
94,Kayseri,Ankara,Deniz,204.23,1158.5,Bireysel,1
95,Konya,Adana,Kara,1377.65,1320.5,Bireysel,1
96,Kayseri,İzmir,Deniz,487.57,461.0,Kurumsal,1
97,Samsun,Bursa,Kara,1822.58,1135.1,Bireysel,1
98,Konya,İstanbul,Kara,1677.34,1720.2,Kurumsal,0
99,Samsun,Gaziantep,Kara,1420.22,1678.4,Bireysel,0
100,Gaziantep,Konya,Hava,1897.95,1858.3,Kurumsal,1
101,Ankara,Konya,Kara,67.69,763.5,Kurumsal,1
102,İstanbul,İzmir,Hava,1473.72,670.2,Bireysel,1
103,Konya,Kayseri,Hava,663.83,1511.4,Bireysel,1
104,Konya,Kayseri,Kara,1812.6,890.7,Bireysel,0
105,Gaziantep,İzmir,Deniz,537.02,220.7,Bireysel,1
106,Antalya,Ankara,Hava,1451.09,601.5,Bireysel,1
107,İzmir,İstanbul,Hava,1755.91,866.2,Bireysel,1
108,Gaziantep,Konya,Kara,88.11,620.4,Bireysel,1
109,Adana,Konya,Kara,798.31,697.8,Bireysel,0
110,İzmir,Ankara,Kara,1525.81,622.9,Bireysel,0
111,İstanbul,Konya,Kara,912.56,130.9,Bireysel,1
112,İzmir,Gaziantep,Kara,538.17,1292.3,Bireysel,1
113,Antalya,İstanbul,Hava,443.51,1214.7,Bireysel,0
114,İzmir,Samsun,Kara,267.38,1324.1,Bireysel,0
115,İstanbul,Konya,Kara,1714.97,425.0,Bireysel,1
116,Antalya,İzmir,Deniz,1152.83,626.5,Kurumsal,1
117,Kayseri,Gaziantep,Hava,157.39,1258.3,Bireysel,1
118,Konya,Samsun,Kara,768.25,1219.3,Bireysel,1
119,Konya,Gaziantep,Hava,738.63,1037.3,Bireysel,0
120,Samsun,Adana,Kara,367.57,733.3,Kurumsal,1
121,Kayseri,Samsun,Kara,873.84,1830.2,Kurumsal,0
122,Kayseri,Antalya,Hava,667.54,712.6,Kurumsal,1
123,İzmir,Samsun,Kara,686.9,938.5,Bireysel,1
124,Konya,İzmir,Kara,1479.36,1372.3,Bireysel,1
125,İstanbul,Ankara,Kara,450.41,1108.9,Bireysel,1
126,Bursa,Gaziantep,Kara,1285.51,726.4,Bireysel,1
127,Bursa,Ankara,Kara,1143.45,899.5,Kurumsal,1
128,Antalya,İzmir,Kara,1138.34,1599.2,Bireysel,1
129,Konya,Gaziantep,Hava,1327.7,592.4,Kurumsal,1
130,Konya,Gaziantep,Hava,1099.02,327.4,Bireysel,1
131,Bursa,Kayseri,Kara,1759.11,660.7,Kurumsal,1
132,Konya,Bursa,Kara,1352.78,1706.6,Bireysel,1
133,İzmir,Antalya,Kara,1096.19,223.5,Bireysel,1
134,Adana,Kayseri,Kara,1660.38,1983.8,Bireysel,1
135,Ankara,Antalya,Hava,1214.26,1105.0,Bireysel,1
136,Kayseri,Konya,Kara,585.83,1970.4,Bireysel,1
137,Samsun,Ankara,Kara,418.15,1881.0,Kurumsal,1
138,Antalya,Konya,Hava,308.89,933.0,Bireysel,1
139,Adana,Kayseri,Hava,1799.41,437.1,Bireysel,1
140,Bursa,Konya,Hava,1421.72,371.5,Bireysel,1
141,Kayseri,İstanbul,Kara,1875.07,518.0,Bireysel,1
142,Konya,Adana,Kara,1208.57,1434.8,Kurumsal,1
143,Samsun,Antalya,Kara,949.43,582.3,Kurumsal,1
144,Konya,İzmir,Kara,124.13,715.8,Kurumsal,1
145,İstanbul,İzmir,Hava,1344.93,925.1,Kurumsal,1
146,İstanbul,Bursa,Hava,1166.51,1830.8,Kurumsal,1
147,Samsun,Ankara,Hava,1980.47,419.3,Bireysel,1
148,Samsun,Ankara,Hava,482.12,59.8,Kurumsal,1
149,Bursa,İstanbul,Kara,1063.82,167.2,Bireysel,1
150,Samsun,Antalya,Hava,1303.66,1814.3,Bireysel,1
151,İzmir,Bursa,Kara,1290.96,1312.7,Bireysel,1
152,Konya,Kayseri,Kara,1124.78,582.4,Kurumsal,1
153,Adana,Ankara,Kara,1554.97,395.5,Kurumsal,1
154,Gaziantep,İzmir,Kara,413.94,623.8,Bireysel,1
155,Samsun,Konya,Kara,1452.63,273.9,Kurumsal,1
156,Antalya,Konya,Deniz,1241.37,1886.0,Kurumsal,1
157,İstanbul,Bursa,Kara,1792.67,1579.2,Bireysel,1
158,İzmir,Antalya,Kara,1695.15,951.7,Bireysel,1
159,Kayseri,Antalya,Kara,633.72,1736.7,Kurumsal,1
160,Gaziantep,Adana,Hava,556.09,536.4,Bireysel,1
161,Adana,Samsun,Kara,1963.4,1448.4,Bireysel,1
162,Gaziantep,Ankara,Hava,1056.89,1719.5,Bireysel,1
163,Samsun,Antalya,Kara,1813.31,745.7,Bireysel,1
164,Bursa,İzmir,Hava,331.94,1527.1,Kurumsal,0
165,İstanbul,Bursa,Kara,1287.42,625.4,Bireysel,1
166,İstanbul,Kayseri,Hava,1620.67,632.8,Kurumsal,1
167,Kayseri,Adana,Hava,1895.05,258.8,Kurumsal,0
168,Bursa,Gaziantep,Kara,677.99,908.1,Kurumsal,1
169,Konya,İstanbul,Kara,1451.34,1472.9,Bireysel,1
170,Ankara,Kayseri,Kara,1079.93,1883.4,Bireysel,1
171,İzmir,Gaziantep,Kara,125.95,1227.4,Bireysel,1
172,İstanbul,Konya,Kara,1381.55,1733.1,Bireysel,1
173,Antalya,İstanbul,Hava,1381.74,1653.9,Kurumsal,1
174,İstanbul,Ankara,Kara,1861.56,388.0,Bireysel,1
175,Gaziantep,İzmir,Kara,997.14,997.3,Bireysel,1
176,İstanbul,Bursa,Kara,464.35,278.0,Bireysel,0
177,İstanbul,Samsun,Kara,93.9,1380.2,Kurumsal,0
178,Ankara,Gaziantep,Hava,834.21,1902.3,Kurumsal,1
179,Ankara,Gaziantep,Kara,607.32,317.3,Bireysel,1
180,Adana,Samsun,Hava,1523.37,1481.1,Kurumsal,1
181,Konya,Gaziantep,Hava,711.76,1282.9,Bireysel,0
182,Antalya,Samsun,Hava,1898.4,1188.0,Bireysel,1
183,İstanbul,Adana,Hava,1924.81,810.7,Kurumsal,1
184,İstanbul,Adana,Kara,1243.71,742.5,Bireysel,1
185,İzmir,Bursa,Deniz,1857.68,138.2,Kurumsal,1
186,Ankara,Kayseri,Kara,1522.9,474.9,Bireysel,1
187,Antalya,Kayseri,Kara,1095.98,79.6,Bireysel,1
188,Kayseri,Ankara,Hava,364.71,1183.8,Kurumsal,1
189,Adana,Konya,Deniz,919.9,256.4,Bireysel,1
190,Konya,Antalya,Hava,1123.94,1752.4,Kurumsal,1
191,Bursa,Adana,Kara,1728.6,1070.1,Kurumsal,1
192,Konya,Ankara,Kara,965.26,1414.4,Bireysel,0
193,Gaziantep,Antalya,Deniz,1795.86,851.2,Bireysel,0
194,İstanbul,Kayseri,Kara,1350.33,1143.1,Bireysel,0
195,Adana,Bursa,Hava,278.31,1888.2,Bireysel,0
196,Gaziantep,Samsun,Hava,1989.99,211.3,Bireysel,1
197,Antalya,Adana,Kara,1056.83,545.2,Bireysel,1
198,Bursa,Ankara,Kara,786.76,1571.0,Bireysel,1
199,Ankara,İstanbul,Kara,1319.93,242.5,Bireysel,0
200,Adana,Antalya,Kara,222.24,197.5,Kurumsal,1
201,Adana,Samsun,Hava,1274.89,755.0,Kurumsal,1
202,İstanbul,Adana,Kara,998.98,229.7,Kurumsal,1
203,Samsun,Kayseri,Hava,816.31,1190.9,Bireysel,1
204,Adana,Konya,Kara,1906.27,491.2,Kurumsal,1
205,İzmir,Antalya,Deniz,1047.47,1796.6,Bireysel,1
206,Bursa,Kayseri,Kara,442.14,1577.8,Kurumsal,1
207,Bursa,Adana,Kara,920.63,1414.4,Kurumsal,1
208,İzmir,Antalya,Kara,1839.18,1253.0,Bireysel,1
209,Kayseri,Samsun,Hava,356.31,1733.8,Bireysel,1
210,İzmir,Adana,Hava,431.84,485.0,Kurumsal,0
211,İzmir,Gaziantep,Hava,30.99,1752.6,Kurumsal,1
212,Bursa,Ankara,Kara,33.31,1589.5,Kurumsal,1
213,Konya,Samsun,Kara,1659.64,1508.9,Bireysel,1
214,Bursa,Antalya,Kara,1465.58,1144.4,Bireysel,1
215,Samsun,Konya,Kara,713.31,530.2,Bireysel,1
216,İstanbul,Kayseri,Kara,1398.13,875.9,Kurumsal,1
217,Gaziantep,İstanbul,Deniz,793.44,1597.5,Bireysel,1
218,Konya,Kayseri,Deniz,1906.03,112.0,Kurumsal,1
219,Ankara,Antalya,Deniz,1934.27,1575.0,Bireysel,1
220,Gaziantep,Kayseri,Hava,788.62,518.1,Bireysel,1
221,İstanbul,Ankara,Kara,1709.17,331.4,Bireysel,1
222,Samsun,Adana,Kara,1547.31,275.6,Kurumsal,1
223,Samsun,İstanbul,Kara,623.45,103.1,Bireysel,1
224,Ankara,İzmir,Hava,467.92,1071.0,Bireysel,0
225,Konya,Antalya,Kara,919.18,475.6,Bireysel,1
226,Kayseri,Bursa,Kara,1563.79,1979.4,Bireysel,1
227,İzmir,Konya,Kara,1920.53,1170.2,Bireysel,1
228,Konya,Kayseri,Kara,1528.34,318.9,Kurumsal,1
229,Kayseri,Antalya,Hava,1711.14,1393.1,Bireysel,1
230,Samsun,Gaziantep,Hava,1208.11,1800.6,Bireysel,1
231,Bursa,Kayseri,Kara,1671.64,1503.1,Kurumsal,1
232,İstanbul,Samsun,Deniz,1569.92,199.1,Kurumsal,1
233,Ankara,Konya,Hava,757.09,1797.0,Bireysel,1
234,İstanbul,Gaziantep,Kara,1106.22,1598.2,Bireysel,1
235,Antalya,İzmir,Kara,1610.48,358.7,Kurumsal,1
236,Antalya,Adana,Kara,96.88,151.0,Kurumsal,1
237,Konya,Ankara,Kara,1617.12,1136.8,Kurumsal,0
238,Samsun,Konya,Deniz,359.89,354.3,Bireysel,1
239,Samsun,Gaziantep,Kara,1031.79,1677.5,Bireysel,1
240,İzmir,Adana,Hava,1617.51,748.8,Kurumsal,1
241,İzmir,Adana,Kara,511.37,1830.1,Bireysel,1
242,İzmir,Antalya,Kara,495.39,1153.1,Bireysel,1
243,Bursa,Gaziantep,Kara,808.51,406.2,Kurumsal,1
244,Gaziantep,İstanbul,Kara,1789.81,322.2,Bireysel,1
245,Adana,Kayseri,Kara,5.88,1174.1,Bireysel,1
246,Gaziantep,Bursa,Deniz,1803.26,1535.7,Bireysel,0
247,İstanbul,Bursa,Kara,311.85,1573.9,Bireysel,1
248,Gaziantep,İzmir,Hava,1980.22,587.7,Bireysel,1
249,Bursa,İzmir,Kara,1909.92,448.3,Kurumsal,0
250,İstanbul,Bursa,Kara,991.88,82.7,Bireysel,1
251,Gaziantep,İstanbul,Kara,1027.88,1374.4,Bireysel,1
252,Bursa,Ankara,Kara,965.69,199.3,Kurumsal,1
253,Adana,Samsun,Kara,1272.71,870.5,Bireysel,0
254,Gaziantep,Kayseri,Kara,185.99,1223.3,Bireysel,1
255,Bursa,Ankara,Kara,70.07,1877.4,Kurumsal,1
256,İzmir,Antalya,Kara,120.12,658.0,Kurumsal,1
257,Samsun,Antalya,Kara,891.51,537.1,Bireysel,1
258,İzmir,Samsun,Kara,554.72,1325.6,Kurumsal,1
259,Samsun,Gaziantep,Deniz,1245.97,1257.5,Bireysel,1
260,Ankara,İstanbul,Hava,1984.92,697.6,Kurumsal,1
261,Ankara,İstanbul,Kara,775.71,1859.8,Bireysel,1
262,Ankara,Samsun,Kara,1149.81,1697.5,Kurumsal,1
263,Adana,Gaziantep,Deniz,834.13,486.8,Bireysel,0
264,İzmir,Kayseri,Hava,1695.31,516.3,Bireysel,0
265,Samsun,Adana,Kara,1804.96,1049.0,Bireysel,1
266,Bursa,Konya,Hava,1755.32,1558.5,Bireysel,1
267,İstanbul,İzmir,Kara,1948.87,135.9,Kurumsal,1
268,Bursa,İzmir,Kara,59.9,1402.0,Bireysel,1
269,İstanbul,Ankara,Hava,1680.43,1314.1,Bireysel,1
270,Antalya,İstanbul,Kara,1504.79,501.4,Bireysel,1
271,Bursa,İzmir,Deniz,461.25,1378.6,Bireysel,0
272,Gaziantep,Adana,Hava,1912.86,1883.4,Kurumsal,1
273,Gaziantep,Ankara,Kara,300.61,141.2,Kurumsal,1
274,Konya,İzmir,Kara,1360.7,673.3,Bireysel,1
275,İzmir,Antalya,Kara,453.66,904.4,Kurumsal,1
276,İstanbul,Adana,Kara,865.6,1803.6,Kurumsal,1
277,İstanbul,Ankara,Hava,1439.72,1926.4,Bireysel,1
278,İzmir,Kayseri,Kara,1128.83,916.0,Bireysel,1
279,Adana,Samsun,Kara,857.87,1512.6,Kurumsal,0
280,Konya,Adana,Hava,656.05,1086.7,Bireysel,1
281,Adana,İstanbul,Kara,1680.12,1098.7,Kurumsal,0
282,Adana,Gaziantep,Hava,291.91,592.3,Bireysel,1
283,Adana,İzmir,Kara,863.06,473.1,Bireysel,1
284,İzmir,Gaziantep,Deniz,1808.0,611.6,Bireysel,1
285,Adana,Antalya,Kara,1692.47,1134.8,Bireysel,1
286,Gaziantep,İstanbul,Kara,804.88,106.9,Kurumsal,1
287,Ankara,Konya,Kara,1527.4,1819.1,Bireysel,1
288,Antalya,Samsun,Kara,1647.21,354.8,Bireysel,1
289,İstanbul,Adana,Hava,1778.33,479.2,Kurumsal,1
290,İstanbul,Adana,Hava,1091.29,1060.6,Bireysel,1
291,Antalya,Gaziantep,Hava,412.9,1434.7,Bireysel,1
292,İzmir,Samsun,Kara,514.34,236.7,Kurumsal,1
293,Bursa,Ankara,Kara,594.91,669.5,Kurumsal,1
294,İzmir,Samsun,Kara,1189.64,1938.9,Bireysel,1
295,İstanbul,Kayseri,Kara,70.46,561.6,Bireysel,0
296,İstanbul,Samsun,Hava,1273.9,660.4,Bireysel,1
297,Antalya,Kayseri,Kara,731.89,1681.2,Bireysel,1
298,Adana,Kayseri,Kara,594.01,147.9,Bireysel,1
299,İzmir,Konya,Kara,1759.6,956.0,Bireysel,1
300,Samsun,İstanbul,Hava,922.7,790.3,Bireysel,1
301,Antalya,Konya,Hava,194.63,667.3,Bireysel,0
302,Gaziantep,Kayseri,Hava,1654.36,607.1,Bireysel,0
303,İstanbul,Antalya,Kara,100.04,228.2,Bireysel,1
304,Antalya,Adana,Kara,1454.86,663.9,Kurumsal,1
305,İzmir,Kayseri,Hava,1548.94,134.0,Kurumsal,1
306,İstanbul,Konya,Hava,708.44,1572.9,Bireysel,1
307,Bursa,Antalya,Kara,1650.45,826.5,Bireysel,1
308,Antalya,Konya,Hava,1033.74,915.6,Bireysel,1
309,Konya,Samsun,Hava,929.27,1792.5,Bireysel,1
310,İstanbul,İzmir,Hava,95.58,1333.2,Bireysel,1
311,İzmir,Gaziantep,Hava,583.61,65.7,Bireysel,1
312,Ankara,Gaziantep,Kara,1862.36,1889.2,Bireysel,1
313,Samsun,Konya,Kara,786.69,512.4,Kurumsal,0
314,Kayseri,Ankara,Kara,1095.67,259.8,Bireysel,1
315,Adana,Bursa,Hava,1066.38,1547.8,Bireysel,0
316,Kayseri,Konya,Hava,1182.91,1025.9,Kurumsal,1
317,İzmir,Samsun,Hava,127.36,895.9,Bireysel,1
318,Gaziantep,Ankara,Kara,727.54,536.5,Bireysel,0
319,Gaziantep,Kayseri,Hava,1447.64,1117.6,Bireysel,1
320,Ankara,Konya,Hava,405.12,585.0,Bireysel,1
321,Adana,İstanbul,Hava,411.14,1808.1,Kurumsal,1
322,Konya,Gaziantep,Hava,25.13,469.6,Bireysel,1
323,Ankara,İzmir,Hava,877.78,1774.5,Bireysel,1
324,Kayseri,Ankara,Kara,1766.06,1140.8,Bireysel,0
325,Ankara,İzmir,Kara,108.54,1665.6,Bireysel,0
326,Kayseri,Antalya,Kara,386.28,1440.0,Kurumsal,0
327,İstanbul,Gaziantep,Kara,623.62,1408.6,Kurumsal,1
328,Gaziantep,Kayseri,Hava,1464.79,682.5,Bireysel,1
329,İstanbul,Konya,Hava,1283.07,506.1,Bireysel,1
330,Samsun,Konya,Kara,834.81,461.2,Bireysel,0
331,Adana,Konya,Kara,1519.34,1721.5,Kurumsal,1
332,Konya,Gaziantep,Hava,1221.21,1649.8,Bireysel,1
333,Kayseri,İstanbul,Kara,1792.6,909.1,Bireysel,1
334,Konya,Bursa,Kara,1636.96,308.2,Bireysel,1
335,Kayseri,Adana,Kara,509.36,795.4,Bireysel,1
336,İzmir,Samsun,Kara,546.52,1257.7,Bireysel,0
337,Ankara,Kayseri,Kara,255.09,936.1,Bireysel,0
338,Samsun,İstanbul,Kara,677.24,1571.4,Bireysel,1
339,Gaziantep,Kayseri,Kara,1999.09,1995.4,Bireysel,1
340,Kayseri,Ankara,Hava,814.47,422.7,Bireysel,0
341,Konya,Gaziantep,Kara,444.87,946.3,Kurumsal,1
342,Samsun,İzmir,Hava,1526.15,890.4,Bireysel,1
343,Bursa,Kayseri,Kara,1087.23,643.8,Bireysel,1
344,Bursa,Ankara,Kara,303.45,436.3,Bireysel,1
345,İstanbul,Konya,Hava,764.48,178.1,Bireysel,1
346,Gaziantep,Ankara,Kara,831.87,1779.9,Bireysel,1
347,İzmir,Bursa,Kara,1508.89,868.7,Kurumsal,1
348,Konya,Gaziantep,Kara,46.24,1018.9,Bireysel,1
349,Ankara,Bursa,Hava,541.69,1838.0,Kurumsal,0
350,Ankara,İstanbul,Kara,1037.6,1563.8,Bireysel,1
351,Konya,Antalya,Kara,541.35,304.5,Bireysel,1
352,Adana,Samsun,Hava,1258.73,1152.6,Bireysel,1
353,İzmir,Gaziantep,Kara,966.33,912.4,Bireysel,1
354,Samsun,Adana,Hava,726.61,1604.6,Kurumsal,1
355,Kayseri,Adana,Hava,1898.67,1462.3,Kurumsal,0
356,Adana,Samsun,Deniz,1266.16,1396.3,Kurumsal,1
357,Kayseri,Konya,Kara,264.23,714.1,Kurumsal,1
358,Kayseri,Bursa,Hava,1122.38,1619.7,Kurumsal,1
359,Adana,Antalya,Kara,1562.56,152.2,Bireysel,1
360,İstanbul,Adana,Kara,1418.44,361.3,Bireysel,1
361,Bursa,İstanbul,Kara,348.32,704.5,Bireysel,0
362,Kayseri,İzmir,Hava,1944.98,199.8,Bireysel,0
363,Adana,Gaziantep,Kara,900.38,508.2,Kurumsal,1
364,Adana,Ankara,Kara,322.25,1668.8,Bireysel,0
365,Antalya,Bursa,Kara,364.49,1899.1,Bireysel,1
366,İstanbul,Ankara,Hava,200.98,644.0,Bireysel,1
367,Gaziantep,Antalya,Hava,1608.02,565.8,Bireysel,1
368,Antalya,Samsun,Hava,248.45,595.8,Bireysel,1
369,Antalya,İstanbul,Kara,254.62,591.6,Bireysel,1
370,Konya,Antalya,Kara,1701.69,120.1,Bireysel,0
371,Bursa,Samsun,Hava,692.49,1857.5,Bireysel,1
372,Adana,İstanbul,Kara,66.56,466.7,Bireysel,1
373,Bursa,Samsun,Kara,108.53,869.0,Bireysel,1
374,İzmir,Gaziantep,Hava,288.63,68.9,Bireysel,1
375,Konya,Bursa,Deniz,430.72,1723.0,Bireysel,1
376,Gaziantep,Kayseri,Hava,1331.97,1475.8,Bireysel,1
377,Bursa,Antalya,Hava,318.87,1896.2,Bireysel,1
378,Ankara,Antalya,Deniz,242.15,1574.2,Bireysel,1
379,Kayseri,Adana,Kara,1530.61,661.7,Bireysel,1
380,İzmir,Konya,Kara,1343.76,533.4,Bireysel,1
381,İstanbul,Gaziantep,Deniz,873.47,1410.5,Bireysel,1
382,Gaziantep,İzmir,Kara,1100.87,760.0,Bireysel,1
383,İzmir,Ankara,Hava,627.41,1154.1,Kurumsal,1
384,Kayseri,Samsun,Kara,967.59,62.2,Bireysel,1
385,Konya,Kayseri,Kara,1015.81,170.7,Kurumsal,1
386,Kayseri,Bursa,Hava,777.54,1094.0,Bireysel,0
387,Antalya,Bursa,Deniz,1813.61,1153.8,Bireysel,1
388,Kayseri,Gaziantep,Hava,37.04,1515.3,Bireysel,0
389,Antalya,Bursa,Kara,1565.43,307.3,Bireysel,1
390,Konya,Adana,Hava,253.14,1050.7,Bireysel,1
391,Samsun,Antalya,Kara,1596.11,429.2,Bireysel,1
392,Antalya,İzmir,Kara,1233.74,231.7,Bireysel,0
393,İstanbul,Kayseri,Kara,1687.34,850.5,Bireysel,1
394,Kayseri,Ankara,Kara,199.54,368.5,Bireysel,1
395,Kayseri,Samsun,Kara,1120.17,482.5,Bireysel,0
396,İstanbul,Kayseri,Deniz,1004.67,669.2,Bireysel,1
397,Ankara,Samsun,Hava,1413.86,555.8,Bireysel,1
398,Adana,İstanbul,Hava,1070.91,220.8,Kurumsal,1
399,Samsun,Kayseri,Kara,1083.77,225.3,Kurumsal,1
400,Gaziantep,İzmir,Deniz,862.04,426.8,Kurumsal,1
401,Antalya,Gaziantep,Deniz,621.12,148.6,Bireysel,1
402,İstanbul,Adana,Hava,967.12,1271.6,Kurumsal,1
403,Konya,Antalya,Kara,241.39,610.3,Kurumsal,1
404,Antalya,İstanbul,Kara,1923.22,595.5,Bireysel,0
405,Adana,Bursa,Kara,1430.25,697.4,Bireysel,0
406,Konya,Kayseri,Kara,1905.17,1342.5,Kurumsal,1
407,İzmir,İstanbul,Kara,457.32,1747.7,Bireysel,1
408,Kayseri,Samsun,Deniz,1759.29,1530.2,Bireysel,1
409,İzmir,Adana,Kara,1618.54,1468.7,Bireysel,1
410,Antalya,Bursa,Kara,1355.92,994.6,Bireysel,1
411,Adana,Kayseri,Kara,1251.93,1402.9,Kurumsal,1
412,Samsun,İstanbul,Kara,636.52,1127.9,Bireysel,1
413,Antalya,Kayseri,Kara,1633.74,471.7,Bireysel,1
414,İstanbul,İzmir,Kara,1005.52,456.7,Bireysel,1
415,Bursa,Ankara,Kara,146.43,628.0,Bireysel,0
416,Antalya,Ankara,Hava,629.16,1826.1,Bireysel,1
417,Kayseri,İstanbul,Deniz,1870.92,1117.5,Bireysel,1
418,Kayseri,Gaziantep,Kara,1702.11,1481.1,Kurumsal,1
419,Antalya,İzmir,Kara,1963.9,725.8,Bireysel,1
420,Konya,İzmir,Hava,1257.85,845.0,Bireysel,1
421,Bursa,Adana,Kara,498.78,294.9,Bireysel,1
422,İstanbul,Gaziantep,Kara,329.82,384.0,Bireysel,1
423,Antalya,Samsun,Hava,377.89,1663.3,Kurumsal,1
424,Konya,Samsun,Kara,44.49,1190.4,Kurumsal,1
425,Kayseri,Bursa,Hava,784.41,708.2,Kurumsal,1
426,Kayseri,Antalya,Kara,386.9,1615.6,Bireysel,0
427,Adana,Ankara,Kara,826.25,530.7,Bireysel,1
428,Antalya,Samsun,Kara,1870.31,1953.3,Bireysel,1
429,Bursa,Gaziantep,Hava,863.93,722.4,Bireysel,0
430,Ankara,İzmir,Kara,1756.58,707.8,Kurumsal,1
431,Bursa,Samsun,Kara,1212.98,658.2,Kurumsal,1
432,Kayseri,İzmir,Hava,498.03,288.1,Kurumsal,1
433,Kayseri,Samsun,Kara,714.93,266.7,Kurumsal,1
434,İzmir,Ankara,Kara,172.42,1313.8,Kurumsal,1
435,Kayseri,Adana,Hava,670.26,1756.5,Bireysel,1
436,İstanbul,Samsun,Kara,1356.69,1591.5,Bireysel,0
437,Gaziantep,Ankara,Hava,148.86,325.2,Bireysel,0
438,Antalya,Samsun,Hava,414.78,1113.9,Bireysel,1
439,Bursa,Antalya,Hava,765.97,255.9,Bireysel,1
440,Gaziantep,Ankara,Kara,1964.19,138.3,Bireysel,1
441,Konya,Gaziantep,Deniz,1570.8,1330.0,Kurumsal,1
442,Ankara,Adana,Kara,1468.31,1093.5,Bireysel,1
443,İstanbul,Gaziantep,Hava,236.8,209.9,Kurumsal,1
444,Bursa,Antalya,Kara,1563.09,118.1,Kurumsal,0
445,Gaziantep,Kayseri,Kara,1571.61,1980.0,Bireysel,0
446,Ankara,Konya,Kara,1204.2,108.5,Bireysel,1
447,İzmir,Adana,Deniz,1980.77,916.8,Bireysel,1
448,İstanbul,Antalya,Deniz,653.88,1034.0,Kurumsal,1
449,İstanbul,Antalya,Kara,1882.84,278.7,Kurumsal,1
450,İzmir,İstanbul,Kara,1829.89,379.7,Kurumsal,1
451,Antalya,Ankara,Hava,27.9,736.0,Bireysel,1
452,İzmir,Gaziantep,Kara,902.98,1535.3,Bireysel,1
453,İstanbul,İzmir,Kara,1954.32,1038.8,Bireysel,1
454,İstanbul,Kayseri,Hava,210.73,1293.9,Kurumsal,1
455,Gaziantep,İzmir,Kara,1097.83,1971.1,Bireysel,1
456,Kayseri,Gaziantep,Deniz,1958.02,1547.6,Bireysel,1
457,Ankara,Gaziantep,Kara,1113.21,897.0,Bireysel,1
458,İzmir,Ankara,Kara,383.68,920.6,Bireysel,1
459,Ankara,Gaziantep,Kara,1166.46,1256.6,Bireysel,0
460,İzmir,İstanbul,Hava,412.86,1347.5,Bireysel,1
461,Konya,Adana,Kara,1041.81,1026.4,Bireysel,1
462,İstanbul,Gaziantep,Hava,152.71,1307.5,Bireysel,1
463,Kayseri,İzmir,Kara,1212.94,95.9,Kurumsal,1
464,Gaziantep,Konya,Hava,1036.0,887.8,Kurumsal,1
465,Kayseri,İstanbul,Kara,1481.62,593.9,Bireysel,1
466,Kayseri,Samsun,Kara,1263.25,301.9,Kurumsal,1
467,Kayseri,Samsun,Hava,1101.46,244.1,Bireysel,1
468,Ankara,Antalya,Kara,1381.11,1226.2,Bireysel,1
469,İzmir,Kayseri,Kara,292.16,1071.0,Kurumsal,1
470,Samsun,Bursa,Hava,1192.74,544.5,Kurumsal,1
471,Konya,Adana,Kara,348.36,968.4,Kurumsal,1
472,Bursa,Konya,Hava,1851.42,1009.9,Bireysel,1
473,Kayseri,Antalya,Kara,141.33,430.3,Bireysel,1
474,Antalya,Kayseri,Hava,863.6,1321.6,Kurumsal,1
475,Ankara,Samsun,Kara,1393.12,1572.8,Bireysel,0
476,Gaziantep,İzmir,Kara,918.75,1593.4,Bireysel,1
477,Bursa,Konya,Deniz,188.73,1224.8,Kurumsal,0
478,Samsun,Kayseri,Hava,1108.99,1047.7,Kurumsal,0
479,Antalya,Kayseri,Kara,1285.06,169.0,Kurumsal,1
480,Samsun,Antalya,Kara,1409.07,611.3,Bireysel,1
481,Bursa,Konya,Hava,749.65,231.9,Kurumsal,1
482,Kayseri,Ankara,Kara,1129.5,1929.5,Bireysel,0
483,Antalya,Bursa,Hava,904.12,313.4,Bireysel,1
484,Samsun,Ankara,Hava,1345.75,346.0,Bireysel,1
485,Gaziantep,Konya,Kara,1169.2,1784.7,Bireysel,1
486,İzmir,Ankara,Kara,1053.88,1890.7,Bireysel,1
487,İstanbul,Bursa,Hava,502.8,1543.4,Bireysel,1
488,İzmir,Samsun,Kara,9.03,60.5,Bireysel,1
489,Bursa,İstanbul,Kara,352.29,52.6,Bireysel,1
490,Ankara,Gaziantep,Deniz,238.55,787.3,Bireysel,0
491,İstanbul,Ankara,Kara,900.92,329.6,Bireysel,1
492,Konya,Gaziantep,Hava,1226.46,85.9,Bireysel,1
493,Gaziantep,İzmir,Kara,430.1,954.9,Kurumsal,1
494,Konya,Adana,Kara,1878.42,1889.0,Kurumsal,1
495,Antalya,İzmir,Kara,18.33,681.4,Bireysel,1
496,İstanbul,Konya,Kara,1545.74,1339.2,Kurumsal,1
497,Konya,Kayseri,Kara,1252.28,1321.9,Bireysel,1
498,Konya,Samsun,Kara,750.24,539.6,Bireysel,1
499,Samsun,Ankara,Hava,105.73,1318.3,Kurumsal,1
500,İzmir,Antalya,Kara,1256.84,464.1,Bireysel,1
501,Samsun,Adana,Kara,774.3,287.9,Kurumsal,1
502,İstanbul,Bursa,Kara,1872.85,1417.7,Bireysel,1
503,İstanbul,Bursa,Kara,1086.27,271.2,Kurumsal,1
504,Bursa,Gaziantep,Kara,1879.6,1994.0,Bireysel,1
505,Samsun,Ankara,Kara,444.86,407.7,Bireysel,1
506,Adana,Bursa,Kara,1452.82,1208.6,Bireysel,1
507,İzmir,İstanbul,Kara,1236.41,852.2,Kurumsal,0
508,İstanbul,Adana,Kara,1480.12,296.5,Bireysel,0
509,Bursa,İstanbul,Hava,433.26,104.3,Kurumsal,1
510,Samsun,Kayseri,Kara,1331.66,1264.3,Bireysel,1
511,İzmir,Adana,Kara,998.59,1623.2,Bireysel,1
512,Samsun,İstanbul,Hava,1486.94,1691.9,Bireysel,1
513,Konya,Adana,Kara,657.45,991.3,Bireysel,1
514,Bursa,Kayseri,Hava,1780.66,1566.0,Kurumsal,1
515,İzmir,Gaziantep,Kara,173.18,1362.1,Bireysel,1
516,Kayseri,Ankara,Kara,1615.34,1462.3,Bireysel,1
517,Antalya,Ankara,Kara,1723.33,1010.6,Bireysel,1
518,Antalya,Bursa,Kara,1635.42,1285.2,Bireysel,1
519,İzmir,İstanbul,Hava,1027.89,1620.8,Kurumsal,1
520,Samsun,Bursa,Kara,879.58,825.9,Bireysel,1
521,Bursa,Konya,Hava,1992.54,1621.7,Bireysel,1
522,Antalya,İstanbul,Kara,462.2,1204.4,Kurumsal,1
523,Bursa,Adana,Kara,1096.02,373.5,Kurumsal,1
524,Antalya,İzmir,Kara,1343.0,98.1,Bireysel,1
525,Konya,Kayseri,Kara,1403.23,757.4,Bireysel,1
526,Samsun,Konya,Kara,412.03,1116.1,Bireysel,1
527,Konya,Kayseri,Hava,1309.72,1687.6,Bireysel,1
528,Antalya,Ankara,Hava,1637.65,298.6,Kurumsal,0
529,Kayseri,Ankara,Kara,104.79,1610.4,Bireysel,1
530,Kayseri,Bursa,Hava,1823.48,1732.9,Bireysel,1
531,Konya,İstanbul,Deniz,63.86,343.8,Bireysel,1
532,Kayseri,İzmir,Hava,715.16,1710.6,Bireysel,1
533,Antalya,Samsun,Kara,36.55,1983.3,Bireysel,1
534,İzmir,Konya,Hava,158.9,1467.3,Bireysel,1
535,Konya,Ankara,Kara,1822.78,1580.3,Bireysel,1
536,Ankara,Bursa,Deniz,712.95,1989.1,Bireysel,1
537,Samsun,Ankara,Kara,852.42,1230.7,Bireysel,1
538,Kayseri,Bursa,Kara,434.61,650.4,Bireysel,0
539,Kayseri,Adana,Hava,1196.21,1683.2,Bireysel,1
540,İstanbul,İzmir,Kara,1191.63,1248.2,Bireysel,1
541,Adana,İstanbul,Deniz,747.54,1183.3,Bireysel,1
542,Konya,Gaziantep,Deniz,669.4,544.6,Bireysel,1
543,Gaziantep,Antalya,Hava,1770.5,1524.9,Bireysel,1
544,Kayseri,Antalya,Kara,769.65,209.3,Bireysel,1
545,Samsun,Bursa,Hava,989.53,1852.4,Kurumsal,0
546,Ankara,Adana,Kara,570.19,685.4,Kurumsal,1
547,Kayseri,İzmir,Kara,1574.61,299.2,Kurumsal,1
548,Ankara,Samsun,Hava,797.91,912.6,Bireysel,1
549,Antalya,Samsun,Kara,1029.65,132.8,Kurumsal,1
550,Antalya,İzmir,Kara,510.45,1385.0,Bireysel,1
551,Adana,İstanbul,Deniz,1975.38,1810.3,Bireysel,1
552,İzmir,Kayseri,Kara,586.53,1682.7,Bireysel,1
553,Gaziantep,Adana,Kara,1542.63,298.4,Kurumsal,1
554,İstanbul,Ankara,Deniz,857.85,296.2,Bireysel,1
555,Adana,İzmir,Kara,416.4,1636.2,Bireysel,0
556,Bursa,İstanbul,Hava,1600.44,1852.3,Kurumsal,1
557,İstanbul,Samsun,Deniz,670.55,948.3,Kurumsal,1
558,Konya,Gaziantep,Deniz,1731.06,1023.0,Bireysel,1
559,Samsun,Ankara,Hava,1830.94,670.6,Bireysel,1
560,Bursa,Gaziantep,Kara,1720.35,1793.8,Bireysel,1
561,Bursa,Samsun,Kara,74.84,1307.6,Kurumsal,1
562,Adana,İstanbul,Hava,1575.81,612.1,Bireysel,0
563,İzmir,Antalya,Hava,825.62,632.6,Bireysel,1
564,Adana,Gaziantep,Kara,1748.08,1787.8,Kurumsal,1
565,Konya,Ankara,Kara,1277.72,76.6,Bireysel,1
566,Kayseri,Bursa,Kara,1668.12,679.3,Bireysel,1
567,Kayseri,Konya,Kara,1001.37,1131.0,Bireysel,1
568,İzmir,Kayseri,Hava,1072.38,339.0,Bireysel,1
569,Konya,Antalya,Kara,293.05,229.6,Bireysel,1
570,İzmir,Gaziantep,Deniz,1569.05,1639.8,Bireysel,1
571,Ankara,Kayseri,Hava,841.68,1794.1,Bireysel,0
572,Kayseri,İzmir,Kara,1002.66,1656.0,Bireysel,1
573,Bursa,Gaziantep,Hava,1571.27,1802.6,Bireysel,1
574,Gaziantep,Samsun,Kara,1199.7,1128.6,Kurumsal,0
575,Samsun,Konya,Kara,406.19,1633.9,Kurumsal,1
576,Konya,İstanbul,Hava,1182.51,798.9,Bireysel,1
577,İstanbul,Bursa,Hava,818.23,1349.2,Bireysel,0
578,İzmir,Bursa,Hava,941.7,1978.2,Bireysel,1
579,Samsun,Gaziantep,Kara,61.48,490.2,Kurumsal,1
580,İstanbul,Adana,Kara,424.01,810.3,Bireysel,1
581,Samsun,Ankara,Hava,565.67,986.1,Kurumsal,1
582,Gaziantep,Adana,Kara,1427.36,319.1,Bireysel,1
583,İstanbul,Adana,Kara,27.93,208.0,Kurumsal,1
584,Adana,Antalya,Kara,820.51,1668.0,Kurumsal,1
585,Antalya,Konya,Hava,1848.43,1954.7,Kurumsal,1
586,Adana,Ankara,Kara,228.2,839.2,Bireysel,1
587,Kayseri,Gaziantep,Hava,1035.27,220.9,Bireysel,1
588,Antalya,Gaziantep,Deniz,1574.11,178.3,Bireysel,0
589,Adana,İstanbul,Kara,1885.35,1788.1,Bireysel,1
590,Antalya,Gaziantep,Kara,1494.82,954.4,Bireysel,0
591,Antalya,Samsun,Kara,1442.53,674.1,Bireysel,1
592,Bursa,Ankara,Hava,1653.84,979.1,Bireysel,1
593,İzmir,Ankara,Kara,895.17,670.7,Bireysel,1
594,İzmir,Adana,Kara,1612.66,1003.6,Bireysel,1
595,Bursa,Samsun,Kara,20.89,1726.1,Bireysel,1
596,Samsun,İstanbul,Hava,1849.5,1205.0,Kurumsal,1
597,Ankara,Adana,Kara,889.4,1404.6,Bireysel,1
598,Samsun,Kayseri,Hava,1108.99,761.1,Bireysel,1
599,İstanbul,Gaziantep,Deniz,513.49,1490.1,Bireysel,1
600,İstanbul,Adana,Kara,1486.35,1349.9,Kurumsal,1
601,Antalya,İzmir,Hava,157.89,283.1,Bireysel,1
602,Adana,Gaziantep,Kara,1745.91,1166.7,Bireysel,1
603,Adana,Samsun,Hava,1657.09,550.6,Bireysel,1
604,İzmir,İstanbul,Hava,436.04,1618.0,Bireysel,1
605,Konya,Samsun,Hava,1619.6,880.6,Bireysel,1
606,Samsun,Adana,Kara,1573.78,1989.6,Kurumsal,0
607,Kayseri,Adana,Kara,1266.27,230.4,Kurumsal,1
608,Gaziantep,Bursa,Kara,750.17,1571.7,Bireysel,1
609,Adana,İstanbul,Kara,546.64,1363.7,Bireysel,1
610,Gaziantep,Kayseri,Kara,467.41,1546.6,Bireysel,0
611,Antalya,Gaziantep,Kara,640.62,649.7,Bireysel,1
612,Gaziantep,Ankara,Kara,1807.6,1009.5,Bireysel,0
613,Kayseri,İstanbul,Kara,159.89,1603.2,Bireysel,1
614,Bursa,Ankara,Hava,1658.6,503.5,Kurumsal,1
615,Kayseri,İstanbul,Kara,701.04,490.8,Kurumsal,0
616,Gaziantep,İstanbul,Kara,1045.59,1124.5,Bireysel,1
617,Kayseri,Samsun,Kara,1590.0,1070.9,Bireysel,1
618,Ankara,İstanbul,Kara,1769.33,600.4,Bireysel,1
619,Antalya,Bursa,Deniz,692.84,631.2,Bireysel,0
620,Samsun,Kayseri,Kara,926.38,591.8,Bireysel,1
621,Bursa,Adana,Hava,831.96,1554.4,Bireysel,1
622,Adana,Konya,Deniz,31.44,1321.2,Kurumsal,1
623,İstanbul,Ankara,Hava,595.41,1673.2,Kurumsal,1
624,Samsun,Adana,Hava,921.08,1952.2,Bireysel,0
625,İstanbul,Konya,Hava,825.13,974.6,Bireysel,1
626,Antalya,Kayseri,Deniz,1445.25,180.1,Bireysel,1
627,Bursa,Kayseri,Hava,772.68,143.8,Bireysel,0
628,İzmir,Ankara,Kara,981.31,626.5,Bireysel,1
629,Adana,Ankara,Hava,862.07,1868.5,Bireysel,1
630,Ankara,Kayseri,Kara,1482.55,1070.3,Bireysel,1
631,İzmir,Konya,Hava,1726.63,580.0,Bireysel,1
632,Antalya,İstanbul,Kara,1066.12,828.4,Kurumsal,1
633,Samsun,Gaziantep,Kara,1579.92,1217.3,Bireysel,1
634,Ankara,İzmir,Kara,597.09,1323.3,Bireysel,1
635,Kayseri,Adana,Kara,1085.03,350.1,Bireysel,1
636,Gaziantep,Samsun,Kara,693.73,1955.2,Bireysel,1
637,Ankara,Adana,Kara,831.33,1112.3,Bireysel,1
638,Antalya,Samsun,Kara,1466.17,314.6,Kurumsal,1
639,Konya,Ankara,Kara,1763.92,1792.6,Kurumsal,1
640,Gaziantep,Samsun,Hava,247.38,195.5,Bireysel,0
641,İstanbul,Ankara,Kara,1271.11,1820.1,Bireysel,1
642,Adana,Gaziantep,Kara,1166.38,1993.3,Bireysel,1
643,İstanbul,Gaziantep,Hava,241.24,1415.8,Bireysel,1
644,Ankara,Adana,Kara,427.73,1552.4,Kurumsal,1
645,İstanbul,Bursa,Kara,625.45,707.7,Bireysel,1
646,Antalya,Konya,Hava,338.03,1886.1,Bireysel,1
647,Kayseri,Bursa,Hava,491.24,1082.9,Bireysel,1
648,Samsun,Bursa,Kara,538.86,1478.2,Bireysel,0
649,Adana,İzmir,Kara,674.67,1852.0,Kurumsal,1
650,İstanbul,Kayseri,Deniz,1500.03,1951.6,Bireysel,1
651,İstanbul,Adana,Hava,1145.96,1674.7,Kurumsal,1
652,Ankara,Kayseri,Kara,1972.56,640.9,Bireysel,1
653,Samsun,İzmir,Hava,832.4,1934.8,Kurumsal,1
654,İzmir,Samsun,Kara,1508.96,1274.8,Bireysel,1
655,İstanbul,Kayseri,Kara,1743.58,1864.8,Bireysel,1
656,Antalya,Ankara,Kara,1359.56,1368.4,Kurumsal,1
657,Konya,Adana,Hava,826.67,649.1,Bireysel,1
658,Adana,Konya,Kara,1508.42,771.5,Bireysel,1
659,İstanbul,Samsun,Hava,411.32,1123.4,Bireysel,1
660,Antalya,İzmir,Kara,658.47,1590.5,Kurumsal,1
661,Antalya,Kayseri,Kara,1095.64,670.1,Bireysel,1
662,Adana,İzmir,Kara,1152.94,1180.5,Kurumsal,1
663,İzmir,Konya,Hava,49.17,724.0,Bireysel,1
664,Antalya,Bursa,Kara,1890.5,1640.8,Bireysel,0
665,Konya,Gaziantep,Kara,1394.77,960.1,Kurumsal,1
666,Antalya,Konya,Hava,993.93,199.6,Bireysel,1
667,Antalya,Adana,Kara,1866.59,373.8,Kurumsal,1
668,Antalya,Konya,Deniz,881.0,169.2,Kurumsal,1
669,Kayseri,İzmir,Kara,1960.97,1023.6,Bireysel,1
670,Kayseri,Ankara,Hava,1027.01,257.4,Bireysel,0
671,İzmir,Adana,Kara,233.0,272.6,Bireysel,1
672,İstanbul,Ankara,Deniz,1530.78,1885.0,Kurumsal,0
673,Antalya,İzmir,Kara,1359.4,1751.7,Kurumsal,0
674,Samsun,Adana,Kara,1547.11,931.6,Bireysel,1
675,İstanbul,Antalya,Kara,1903.13,1972.3,Bireysel,1
676,İzmir,Gaziantep,Kara,1554.1,50.4,Bireysel,1
677,Bursa,Samsun,Kara,1224.62,1247.3,Kurumsal,1
678,İstanbul,İzmir,Deniz,1715.33,1252.0,Bireysel,0
679,İstanbul,Kayseri,Kara,1348.13,942.0,Bireysel,1
680,Gaziantep,İzmir,Hava,819.2,824.0,Bireysel,0
681,Ankara,İzmir,Hava,1771.81,938.0,Kurumsal,1
682,Gaziantep,Adana,Hava,447.69,859.2,Bireysel,0
683,Konya,İstanbul,Kara,1430.71,1474.5,Bireysel,0
684,Kayseri,Konya,Kara,1763.72,313.9,Bireysel,1
685,Kayseri,İstanbul,Hava,1463.98,435.4,Bireysel,1
686,Ankara,Antalya,Deniz,1396.06,402.0,Kurumsal,1
687,Adana,Kayseri,Kara,1506.51,561.8,Kurumsal,1
688,Adana,Gaziantep,Kara,932.79,1074.3,Bireysel,0
689,İzmir,Bursa,Kara,1748.97,266.9,Bireysel,1
690,Ankara,Antalya,Deniz,410.86,1742.9,Bireysel,1
691,İstanbul,Bursa,Kara,259.14,629.9,Bireysel,1
692,Adana,Bursa,Kara,574.59,366.9,Kurumsal,1
693,Antalya,Gaziantep,Hava,1065.5,1367.5,Bireysel,1
694,Samsun,Ankara,Kara,1023.57,124.3,Bireysel,1
695,İstanbul,İzmir,Kara,1642.09,1258.9,Bireysel,1
696,Konya,İzmir,Hava,812.11,1411.5,Bireysel,1
697,Antalya,Samsun,Deniz,971.27,469.1,Bireysel,1
698,Antalya,Bursa,Kara,31.67,131.8,Bireysel,1
699,Ankara,Kayseri,Kara,822.43,759.1,Bireysel,1
700,İzmir,Antalya,Kara,1297.31,242.3,Kurumsal,1
701,Konya,Ankara,Kara,35.94,277.1,Bireysel,1
702,Adana,Bursa,Hava,565.36,545.8,Bireysel,1
703,Ankara,Gaziantep,Kara,419.87,626.2,Kurumsal,1
704,Adana,Ankara,Kara,88.76,1083.4,Bireysel,1
705,Ankara,Bursa,Kara,961.12,1372.9,Kurumsal,0
706,Ankara,Adana,Kara,367.54,1205.9,Bireysel,1
707,Ankara,Konya,Kara,1487.45,339.3,Bireysel,0
708,İzmir,Kayseri,Hava,1696.62,385.6,Bireysel,1
709,Ankara,İzmir,Kara,1093.44,1763.6,Bireysel,1
710,Bursa,İzmir,Hava,1963.51,1138.8,Bireysel,1
711,Samsun,Kayseri,Hava,903.7,1746.4,Kurumsal,1
712,Adana,Bursa,Kara,1029.17,774.5,Bireysel,1
713,İstanbul,İzmir,Kara,1978.49,1248.1,Bireysel,1
714,Gaziantep,Ankara,Kara,466.94,1071.1,Bireysel,1
715,Konya,Gaziantep,Kara,1885.38,672.3,Bireysel,1
716,Kayseri,Antalya,Kara,90.46,966.3,Bireysel,1
717,İzmir,İstanbul,Kara,895.54,1029.9,Bireysel,1
718,İstanbul,İzmir,Kara,144.66,441.5,Kurumsal,1
719,Antalya,Kayseri,Hava,1459.82,664.3,Kurumsal,1
720,Bursa,Gaziantep,Kara,1218.78,1593.2,Bireysel,1
721,Kayseri,Bursa,Hava,1414.74,1835.8,Bireysel,1
722,Gaziantep,Konya,Kara,752.09,751.6,Kurumsal,1
723,İstanbul,Kayseri,Hava,742.12,648.6,Kurumsal,1
724,Kayseri,Ankara,Kara,95.41,430.6,Bireysel,0
725,İstanbul,Konya,Kara,703.14,1373.1,Kurumsal,1
726,Bursa,Antalya,Hava,1858.93,680.0,Bireysel,1
727,Gaziantep,Antalya,Kara,761.56,1976.1,Kurumsal,1
728,Antalya,Adana,Kara,1663.58,685.1,Bireysel,1
729,Ankara,Samsun,Deniz,1685.44,818.6,Bireysel,1
730,Adana,Kayseri,Kara,749.62,1226.5,Kurumsal,1
731,Antalya,Gaziantep,Kara,1265.82,1613.3,Bireysel,1
732,Ankara,Konya,Hava,195.27,965.6,Bireysel,1
733,İzmir,Samsun,Hava,211.84,874.2,Bireysel,1
734,Samsun,Bursa,Hava,102.07,1991.5,Kurumsal,1
735,Konya,Ankara,Kara,1164.13,70.5,Kurumsal,1
736,Konya,Adana,Hava,855.01,1795.4,Kurumsal,1
737,Adana,Samsun,Kara,1098.32,340.8,Bireysel,1
738,Gaziantep,İstanbul,Hava,1044.54,1582.6,Kurumsal,1
739,Bursa,Samsun,Deniz,703.65,1255.0,Bireysel,1
740,Gaziantep,Samsun,Hava,1356.56,716.6,Bireysel,1
741,Bursa,Ankara,Hava,1518.21,1754.1,Kurumsal,1
742,Gaziantep,İzmir,Kara,34.18,75.2,Bireysel,0
743,Samsun,Antalya,Hava,418.45,492.0,Bireysel,1
744,İzmir,Antalya,Hava,1427.91,1155.4,Bireysel,0
745,İzmir,İstanbul,Kara,776.31,735.5,Bireysel,1
746,Ankara,Gaziantep,Hava,1326.66,1240.2,Kurumsal,1
747,Kayseri,Gaziantep,Kara,697.19,97.0,Bireysel,1
748,İzmir,Bursa,Hava,784.56,277.1,Kurumsal,1
749,İzmir,Konya,Hava,321.56,297.8,Bireysel,1
750,Antalya,Kayseri,Hava,520.17,419.1,Bireysel,1
751,Antalya,İzmir,Kara,1212.8,945.7,Bireysel,1
752,Ankara,Adana,Kara,869.16,1516.7,Kurumsal,0
753,Kayseri,Ankara,Kara,1549.73,1815.8,Bireysel,1
754,Adana,Kayseri,Deniz,1705.91,1679.0,Kurumsal,1
755,Antalya,Samsun,Kara,1085.58,433.9,Bireysel,1
756,Adana,İstanbul,Kara,1517.74,910.2,Bireysel,1
757,İstanbul,Antalya,Hava,617.27,438.9,Bireysel,1
758,Antalya,Bursa,Kara,832.87,565.7,Kurumsal,1
759,Samsun,Gaziantep,Hava,1426.99,1031.9,Kurumsal,0
760,Kayseri,İstanbul,Hava,775.49,182.8,Bireysel,1
761,Ankara,Samsun,Hava,1179.07,475.4,Bireysel,1
762,İstanbul,Adana,Kara,374.82,1874.0,Bireysel,1
763,Kayseri,Bursa,Kara,1201.54,958.9,Kurumsal,0
764,Samsun,Ankara,Kara,1723.72,918.5,Bireysel,1
765,Kayseri,Antalya,Kara,1737.94,78.4,Kurumsal,1
766,Samsun,Antalya,Kara,1450.07,532.4,Kurumsal,1
767,Samsun,Antalya,Kara,1492.78,1739.3,Bireysel,1
768,Adana,İstanbul,Hava,1118.07,371.0,Kurumsal,1
769,Gaziantep,İstanbul,Hava,1171.41,859.5,Bireysel,1
770,İstanbul,Gaziantep,Kara,271.63,77.9,Bireysel,0
771,Kayseri,Gaziantep,Hava,890.5,982.8,Bireysel,0
772,Bursa,Adana,Deniz,904.3,91.0,Bireysel,1
773,İstanbul,Bursa,Hava,1917.2,1648.2,Kurumsal,1
774,Gaziantep,Ankara,Hava,865.02,1658.5,Bireysel,1
775,İstanbul,Ankara,Kara,1100.94,1586.1,Bireysel,0
776,İzmir,Samsun,Kara,1068.84,602.6,Bireysel,1
777,Bursa,Antalya,Kara,1275.34,1682.6,Bireysel,1
778,Gaziantep,Bursa,Kara,1497.72,1108.8,Bireysel,1
779,Adana,Kayseri,Deniz,453.96,778.9,Bireysel,1
780,Kayseri,İstanbul,Hava,1059.81,1269.4,Bireysel,1
781,Konya,İstanbul,Kara,1652.71,74.1,Kurumsal,1
782,Gaziantep,İzmir,Kara,928.91,328.8,Kurumsal,1
783,Ankara,Adana,Hava,560.52,1497.5,Bireysel,0
784,Kayseri,Antalya,Kara,1311.14,526.1,Kurumsal,1
785,Gaziantep,Antalya,Kara,1648.42,1216.1,Bireysel,1
786,İzmir,Antalya,Hava,130.96,801.0,Bireysel,1
787,Konya,İstanbul,Kara,1554.7,1716.9,Bireysel,1
788,İzmir,İstanbul,Kara,1644.19,1907.2,Bireysel,1
789,Konya,İzmir,Kara,925.74,1773.0,Bireysel,1
790,Ankara,Kayseri,Hava,1966.69,577.7,Kurumsal,1
791,Kayseri,Bursa,Kara,1574.48,428.6,Bireysel,0
792,Adana,Antalya,Kara,1548.46,975.1,Kurumsal,1
793,İzmir,Ankara,Kara,1496.94,64.3,Bireysel,1
794,İzmir,Gaziantep,Kara,305.46,100.3,Kurumsal,1
795,Samsun,Ankara,Kara,438.38,1128.9,Bireysel,1
796,Konya,Samsun,Hava,930.66,1064.9,Bireysel,1
797,Antalya,Ankara,Kara,531.69,1989.4,Bireysel,0
798,Kayseri,Samsun,Hava,833.41,443.6,Bireysel,1
799,Konya,Ankara,Kara,1777.49,553.3,Bireysel,1
800,Samsun,Gaziantep,Kara,1649.53,271.4,Kurumsal,0
801,İstanbul,Ankara,Kara,1261.93,1839.2,Bireysel,1
802,Konya,Ankara,Kara,1716.95,1566.7,Kurumsal,1
803,Adana,Bursa,Kara,1568.63,1653.6,Bireysel,1
804,Kayseri,Bursa,Kara,860.82,1810.4,Kurumsal,1
805,Samsun,Konya,Kara,406.12,1073.6,Bireysel,1
806,İstanbul,Bursa,Hava,1030.83,929.8,Bireysel,1
807,Bursa,Ankara,Kara,1473.78,694.3,Kurumsal,1
808,Samsun,Kayseri,Hava,875.66,1199.0,Bireysel,1
809,Bursa,Konya,Deniz,1335.21,935.8,Bireysel,1
810,Kayseri,Gaziantep,Kara,193.18,930.6,Bireysel,1
811,İzmir,Ankara,Kara,1497.27,1877.0,Bireysel,1
812,Samsun,Antalya,Kara,1626.36,1968.9,Bireysel,0
813,Ankara,İstanbul,Kara,1415.14,1603.1,Kurumsal,1
814,Bursa,Konya,Kara,1934.69,1525.7,Bireysel,1
815,Adana,Gaziantep,Hava,1654.17,1377.1,Bireysel,1
816,Ankara,Adana,Kara,1806.67,373.8,Bireysel,1
817,Gaziantep,Antalya,Kara,1867.47,165.3,Bireysel,0
818,Gaziantep,Adana,Hava,1603.69,1396.9,Bireysel,1
819,İstanbul,Ankara,Kara,1350.15,1471.1,Kurumsal,1
820,İzmir,İstanbul,Hava,16.41,141.6,Bireysel,1
821,Kayseri,Konya,Kara,934.32,1859.7,Kurumsal,1
822,Samsun,Konya,Kara,1144.47,227.7,Bireysel,1
823,Antalya,Kayseri,Kara,611.54,607.5,Bireysel,1
824,Adana,Kayseri,Kara,639.62,1361.2,Bireysel,1
825,Bursa,Ankara,Deniz,1922.51,381.3,Bireysel,1
826,Kayseri,Ankara,Kara,1783.96,158.1,Bireysel,1
827,Ankara,İstanbul,Deniz,1699.11,695.7,Bireysel,1
828,Gaziantep,Kayseri,Kara,814.99,1543.6,Kurumsal,1
829,Adana,Gaziantep,Kara,32.33,856.7,Bireysel,0
830,Antalya,Gaziantep,Kara,165.04,1323.3,Kurumsal,1
831,Samsun,İstanbul,Kara,627.83,1180.3,Bireysel,1
832,İstanbul,Gaziantep,Deniz,36.41,93.3,Kurumsal,1
833,Antalya,Samsun,Kara,39.21,1977.7,Kurumsal,1
834,Adana,Bursa,Kara,1833.62,130.8,Bireysel,0
835,Antalya,İstanbul,Kara,1413.79,1937.2,Kurumsal,1
836,Adana,İstanbul,Kara,621.37,1122.2,Bireysel,1
837,Adana,İzmir,Kara,269.63,1928.2,Kurumsal,1
838,Konya,Antalya,Kara,1025.71,273.8,Bireysel,1
839,Bursa,Antalya,Hava,15.67,1006.3,Bireysel,1
840,Gaziantep,Samsun,Kara,1877.14,380.5,Kurumsal,1
841,Konya,Kayseri,Kara,832.56,149.4,Bireysel,1
842,Samsun,Ankara,Kara,807.66,1254.2,Bireysel,1
843,Konya,Ankara,Kara,784.23,455.2,Kurumsal,1
844,İzmir,Adana,Deniz,143.31,1196.0,Bireysel,1
845,İzmir,Samsun,Kara,1278.45,269.1,Bireysel,1
846,Gaziantep,İstanbul,Kara,1467.34,697.4,Bireysel,1
847,Antalya,Samsun,Hava,1353.87,1574.2,Bireysel,1
848,Bursa,Samsun,Kara,281.18,902.3,Kurumsal,1
849,Gaziantep,Samsun,Kara,1159.79,1274.1,Bireysel,1
850,Adana,Antalya,Deniz,1141.12,1312.5,Bireysel,1
851,Ankara,Samsun,Hava,1737.48,1695.3,Bireysel,0
852,Bursa,Samsun,Deniz,761.36,683.6,Kurumsal,0
853,Bursa,Ankara,Kara,746.11,1390.2,Bireysel,1
854,Adana,Gaziantep,Kara,1238.96,1925.2,Bireysel,1
855,Adana,Bursa,Kara,1267.98,1474.0,Kurumsal,1
856,İstanbul,Adana,Kara,941.22,1005.2,Bireysel,1
857,Gaziantep,İzmir,Hava,888.9,1279.9,Bireysel,1
858,Adana,Ankara,Kara,990.82,1492.4,Bireysel,1
859,İzmir,Ankara,Hava,1722.79,1243.9,Bireysel,0
860,Samsun,Ankara,Hava,925.03,82.5,Bireysel,1
861,Ankara,Samsun,Kara,1880.16,429.8,Bireysel,1
862,Gaziantep,Konya,Kara,1010.49,1630.4,Kurumsal,1
863,Kayseri,İzmir,Hava,1898.66,581.7,Bireysel,1
864,İzmir,İstanbul,Kara,1666.5,1476.5,Kurumsal,1
865,Antalya,Gaziantep,Hava,728.05,775.6,Bireysel,1
866,Adana,Gaziantep,Kara,1727.96,1067.7,Kurumsal,1
867,Kayseri,Konya,Kara,224.58,182.5,Kurumsal,1
868,Adana,Samsun,Kara,1850.47,403.4,Bireysel,1
869,Bursa,Antalya,Deniz,1265.13,1916.5,Bireysel,1
870,İzmir,İstanbul,Kara,113.51,1785.8,Bireysel,1
871,Bursa,Kayseri,Hava,1290.29,1321.9,Kurumsal,1
872,İstanbul,Konya,Kara,1948.62,946.3,Kurumsal,1
873,Bursa,Antalya,Hava,144.25,1367.7,Bireysel,0
874,İstanbul,İzmir,Hava,1111.6,1256.3,Bireysel,1
875,İstanbul,Samsun,Kara,1496.85,1158.7,Bireysel,0
876,Kayseri,İstanbul,Kara,1621.47,165.4,Kurumsal,0
877,Adana,İstanbul,Hava,830.59,1284.0,Bireysel,1
878,Antalya,İstanbul,Kara,412.31,1549.4,Bireysel,1
879,Bursa,İzmir,Hava,89.47,1988.5,Bireysel,0
880,İzmir,Adana,Kara,1161.55,71.6,Bireysel,1
881,İstanbul,Kayseri,Hava,908.56,1473.8,Kurumsal,1
882,Adana,İzmir,Hava,1897.75,1165.0,Bireysel,0
883,Ankara,Gaziantep,Deniz,125.91,896.4,Bireysel,1
884,Gaziantep,Kayseri,Kara,1372.36,298.8,Bireysel,1
885,Kayseri,Ankara,Kara,54.81,847.7,Bireysel,1
886,Antalya,Samsun,Kara,347.01,741.0,Bireysel,1
887,Konya,İzmir,Kara,909.89,640.5,Kurumsal,1
888,Kayseri,Antalya,Kara,912.47,1475.2,Kurumsal,1
889,Ankara,Kayseri,Kara,1372.97,1416.4,Bireysel,1
890,Gaziantep,Bursa,Hava,1820.88,1198.6,Bireysel,1
891,Ankara,İstanbul,Kara,1279.87,1880.4,Kurumsal,1
892,Bursa,Adana,Kara,1907.3,732.2,Bireysel,1
893,İstanbul,Antalya,Hava,1763.82,525.4,Bireysel,1
894,Antalya,Kayseri,Kara,1171.08,1329.0,Kurumsal,1
895,Samsun,Kayseri,Kara,1668.41,437.7,Kurumsal,1
896,İstanbul,Antalya,Deniz,1286.94,664.3,Kurumsal,1
897,Samsun,Ankara,Deniz,161.72,488.0,Kurumsal,0
898,Gaziantep,Antalya,Kara,1482.43,184.8,Kurumsal,1
899,Adana,Bursa,Kara,194.34,1663.6,Bireysel,1
900,Konya,Gaziantep,Hava,1190.2,546.4,Bireysel,1
901,İzmir,Adana,Kara,1406.77,972.4,Bireysel,1
902,İstanbul,Ankara,Kara,137.72,134.5,Bireysel,1
903,Antalya,Adana,Kara,465.44,1413.7,Bireysel,1
904,Ankara,Konya,Kara,1831.77,694.6,Bireysel,1
905,Antalya,Konya,Kara,1234.55,1502.2,Bireysel,1
906,Gaziantep,Antalya,Kara,496.34,854.2,Bireysel,1
907,Samsun,Kayseri,Hava,1382.91,431.7,Bireysel,1
908,Ankara,Bursa,Deniz,1195.57,1050.7,Bireysel,1
909,İzmir,Antalya,Kara,1005.64,304.5,Bireysel,0
910,İzmir,Bursa,Hava,1952.49,909.1,Kurumsal,1
911,İstanbul,Antalya,Hava,1368.49,668.7,Bireysel,1
912,Gaziantep,Adana,Kara,754.01,1828.3,Bireysel,1
913,Adana,İzmir,Kara,1601.15,168.8,Kurumsal,0
914,Gaziantep,Ankara,Hava,1769.74,1403.3,Bireysel,1
915,Samsun,Bursa,Kara,254.82,406.4,Bireysel,0
916,Antalya,İstanbul,Hava,405.1,672.1,Bireysel,1
917,İzmir,Bursa,Kara,436.37,860.3,Bireysel,1
918,Antalya,İzmir,Deniz,1383.97,1820.6,Kurumsal,1
919,Antalya,Gaziantep,Kara,1208.06,523.0,Bireysel,1
920,Antalya,Kayseri,Kara,1239.89,228.1,Bireysel,1
921,İzmir,Bursa,Hava,1881.84,671.4,Bireysel,1
922,Kayseri,Ankara,Kara,1552.94,254.1,Bireysel,1
923,Bursa,Ankara,Kara,260.23,300.8,Bireysel,0
924,Samsun,İstanbul,Kara,698.28,1169.0,Bireysel,1
925,Kayseri,Bursa,Kara,873.61,168.8,Bireysel,0
926,Samsun,Kayseri,Kara,794.94,110.3,Bireysel,1
927,Ankara,Samsun,Deniz,1340.27,1443.1,Bireysel,1
928,Gaziantep,Konya,Kara,1784.33,755.2,Bireysel,0
929,Gaziantep,Kayseri,Hava,615.57,294.5,Bireysel,1
930,Konya,Ankara,Hava,1105.99,544.5,Kurumsal,1
931,Gaziantep,Konya,Deniz,1579.87,1302.1,Bireysel,1
932,İzmir,Gaziantep,Kara,835.36,587.3,Bireysel,1
933,Adana,İstanbul,Hava,340.4,1014.3,Bireysel,1
934,İstanbul,Kayseri,Kara,952.53,287.3,Bireysel,1
935,Konya,Kayseri,Hava,115.17,1196.8,Kurumsal,1
936,İstanbul,Gaziantep,Hava,1885.05,666.4,Bireysel,0
937,Samsun,Bursa,Hava,154.27,1272.6,Kurumsal,1
938,İstanbul,Bursa,Kara,879.72,1626.4,Bireysel,0
939,İstanbul,Bursa,Hava,1062.11,1242.7,Kurumsal,1
940,Konya,Adana,Kara,1970.68,626.7,Bireysel,1
941,Ankara,Konya,Hava,336.21,548.7,Kurumsal,1
942,Antalya,Adana,Deniz,233.29,688.5,Bireysel,1
943,Gaziantep,İstanbul,Kara,22.37,371.0,Bireysel,0
944,Gaziantep,Bursa,Deniz,315.37,403.3,Bireysel,1
945,İzmir,Kayseri,Kara,418.51,1591.8,Bireysel,1
946,Konya,İstanbul,Kara,1263.01,800.2,Kurumsal,1
947,İzmir,Adana,Kara,443.32,900.2,Bireysel,1
948,Adana,İzmir,Kara,45.94,1208.4,Bireysel,0
949,Adana,Antalya,Hava,1654.1,1199.8,Bireysel,0
950,İzmir,Adana,Kara,734.36,181.4,Bireysel,1
951,Konya,Samsun,Kara,710.62,1671.5,Bireysel,1
952,İzmir,Kayseri,Deniz,608.45,395.8,Bireysel,1
953,Gaziantep,Samsun,Hava,1950.87,1460.0,Bireysel,1
954,Kayseri,Ankara,Hava,344.38,1556.7,Kurumsal,0
955,Bursa,Gaziantep,Hava,1796.98,1444.1,Bireysel,1
956,İstanbul,Kayseri,Hava,1554.72,1179.0,Bireysel,1
957,Bursa,Samsun,Kara,157.58,78.5,Kurumsal,1
958,Konya,Kayseri,Kara,1973.52,752.7,Bireysel,0
959,Bursa,Gaziantep,Hava,546.38,1229.4,Bireysel,1
960,Adana,Gaziantep,Kara,201.67,805.5,Bireysel,1
961,Samsun,İstanbul,Hava,1659.48,1733.8,Bireysel,1
962,İstanbul,Kayseri,Kara,1414.82,652.2,Bireysel,1
963,Antalya,Konya,Kara,1236.35,622.4,Kurumsal,1
964,Konya,Bursa,Kara,316.18,568.7,Bireysel,1
965,İstanbul,Ankara,Hava,959.6,698.9,Bireysel,1
966,Bursa,Gaziantep,Kara,1562.21,1136.9,Kurumsal,1
967,Adana,İzmir,Hava,610.73,1428.7,Kurumsal,1
968,Ankara,Bursa,Kara,626.82,1342.0,Bireysel,1
969,Kayseri,Konya,Kara,11.27,1625.0,Bireysel,1
970,Antalya,Kayseri,Hava,352.62,1777.5,Bireysel,1
971,Kayseri,Samsun,Hava,1751.43,1641.4,Kurumsal,1
972,İstanbul,Ankara,Kara,886.28,86.9,Kurumsal,1
973,Adana,İzmir,Hava,1968.55,1485.0,Bireysel,0
974,Adana,Bursa,Kara,794.44,456.4,Bireysel,1
975,Bursa,Kayseri,Kara,1431.8,309.2,Bireysel,1
976,Gaziantep,İstanbul,Kara,567.43,1295.1,Kurumsal,1
977,Bursa,Konya,Hava,730.8,673.5,Bireysel,1
978,Gaziantep,Ankara,Hava,385.5,161.4,Bireysel,1
979,Gaziantep,Antalya,Kara,697.39,318.4,Kurumsal,1
980,Antalya,İstanbul,Hava,1096.74,51.8,Bireysel,1
981,Bursa,İzmir,Kara,1983.59,1811.3,Bireysel,1
982,Ankara,Bursa,Kara,1330.08,98.0,Bireysel,1
983,İzmir,İstanbul,Kara,402.5,458.4,Bireysel,1
984,İzmir,Konya,Kara,94.7,861.7,Bireysel,1
985,Bursa,Antalya,Kara,257.08,745.3,Bireysel,1
986,Bursa,İstanbul,Kara,1127.3,1827.9,Bireysel,1
987,Kayseri,Adana,Hava,1531.49,128.6,Kurumsal,1
988,Antalya,Konya,Kara,1881.14,1048.8,Bireysel,0
989,Bursa,İzmir,Kara,36.57,1376.9,Bireysel,1
990,Kayseri,Konya,Kara,1047.91,1866.8,Bireysel,1
991,Gaziantep,Kayseri,Kara,944.38,1259.7,Kurumsal,1
992,Adana,Samsun,Kara,1313.83,1617.3,Kurumsal,0
993,Adana,Samsun,Hava,1121.36,213.3,Bireysel,1
994,Gaziantep,Samsun,Kara,1375.64,802.6,Bireysel,1
995,Konya,Ankara,Hava,1317.87,779.2,Bireysel,0
996,Kayseri,İzmir,Hava,238.44,1778.3,Bireysel,0
997,Kayseri,Konya,Kara,1600.44,345.2,Bireysel,1
998,Gaziantep,Antalya,Hava,250.85,346.2,Kurumsal,1
999,Ankara,Antalya,Kara,1398.57,690.7,Kurumsal,1
1000,Samsun,İzmir,Hava,835.21,156.2,Bireysel,1
